﻿{"inkVersion":21,"root":[["^They say this castle is a prison of the own mind. That none of us are actually real- we all exist to serve some cognitive function of a greater being- that the different communities circling around Nepenthe’s core represent the emotions of some unfathomable entity. Maybe we’re all just figments of somebody’s imagination- that we’re there to help them cope. I don’t know.","\n","^...Did we help?","\n",["done",{"#f":5,"#n":"g-0"}],null],"done",{"#f":1}],"listDefs":{}}