﻿{"inkVersion":21,"root":[["^I know we’ve been here forever, but this place is always fun.","\n","^There’s really no place I’d rather be… hm.","\n","^...","\n","^...","\n","^Can we help you?","\n","ev","str","^YES","/str","/ev",{"*":"0.c-0","flg":4},"ev","str","^NO","/str","/ev",{"*":"0.c-1","flg":4},{"c-0":["\n","^No, we can’t. I’m sorry, but we’re busy. Maybe somebody outside the city can help you! Bye!","\n",{"->":"0.g-0"},{"#f":5}],"c-1":["\n","^I sure hope not. This place is wonderful!","\n",{"->":"0.g-0"},{"#f":5}],"g-0":["done",{"#f":5}]}],"done",{"#f":1}],"listDefs":{}}