﻿{"inkVersion":21,"root":[["^I need to get out of here, man. The colours make me want to vomit.","\n","^I get you, but apparently the inner-castle-paradise story is a crock of shit. I heard that they’re on something that makes them oblivious to all the crap out here.","\n","^Man, you’ve been talking to those people out towards the edge again, haven’t you?","\n","^...It ain’t my fault. I’d do anything to get away from here. They know what it’s like.","\n",["done",{"#f":5,"#n":"g-0"}],null],"done",{"#f":1}],"listDefs":{}}