﻿{"inkVersion":21,"root":[["^I had a friend seek out the edge of the castle. He used to live at the core and went through hell trying to get here. I don’t know if he ever got out, but I never saw him again. Are you trying to reach the edge?","\n","ev","str","^YES","/str","/ev",{"*":"0.c-0","flg":4},"ev","str","^NO","/str","/ev",{"*":"0.c-1","flg":4},{"c-0":["\n","^You’ve got this. You’re almost outta here. The entire world is not just this bouncy castle. Keep going.","\n",{"->":"0.g-0"},{"#f":5}],"c-1":["\n","^You’re in quite the odd place, then.","\n",{"->":"0.g-0"},{"#f":5}],"g-0":["done",{"#f":5}]}],"done",{"#f":1}],"listDefs":{}}